{
  "objects" : [
    {
      "identifier":"title_sky",
      "type":"static",
      "components":{
        "aspect":{
          "atlas":"sprites/env_atlas.json",
          "frame":"title_bg_01"
        },
        "placement":{
          "position":[-320.0,92,-10.0,0]
        }
      }
    },
    {
      "identifier":"title_cloud_02",
      "type":"static",
      "components":{
        "aspect":{
          "atlas":"sprites/env_atlas.json",
          "frame":"title_cloudB_01"
        },
        "placement":{
          "position":[-320.0,125.0,-9.5,0]
        }
      }
    },
    {
      "identifier":"title_cloud_01",
      "type":"static",
      "components":{
        "aspect":{
          "atlas":"sprites/env_atlas.json",
          "frame":"title_cloudA_01"
        },
        "placement":{
          "position":[125.0,375.0,-9.0,0]
        }
      }
    },
    {
      "identifier":"title_boat",
      "type":"static",
      "components":{
        "aspect":{
          "atlas":"sprites/env_atlas.json",
          "frame":"title_boat_01"
        },
        "placement":{
          "position":[-5.0,75.0,-8.0,0]
        }
      }
    },
    {
      "identifier":"title_ocean",
      "type":"static",
      "components":{
        "aspect":{
          "atlas":"sprites/env_atlas.json",
          "frame":"title_water_01"
        },
        "placement":{
          "position":[-320.0,-512.0,-5.5,0]
        }
      }
    },
    {
      "identifier":"title_net",
      "type":"static",
      "components":{
        "aspect":{
          "atlas":"sprites/env_atlas.json",
          "frame":"net_01"
        },
        "placement":{
          "position":[-95.0,180.0,-3.5,0]
        }
      }
    },
    {
      "identifier":"title_caustic",
      "type":"static",
      "components":{
        "aspect":{
          "atlas":"sprites/env_atlas.json",
          "frame":"title_caustics"
        },
        "placement":{
          "position":[-320.0,-512.0,-5.0,0]
        }
      }
    },
    {
      "identifier":"ocean",
      "type":"static",
      "components":{
        "aspect":{
          "atlas":"sprites/env_atlas.json",
          "frame":"bg_01"
        },
        "placement":{
          "position":[-320.0,-1526.0,-5.5,0]
        }
      }
    },
    {
      "identifier":"squid",
      "type":"player",
      "components":{
        "animation":{
          "animation":"animations/squid_pulse.anim"
        },
        "aspect":{
          "atlas":"sprites/char_squid.json",
          "frame":"ss_01"
        },
        "placement":{
          "position":[-20.0,220.0,-4.0,0]
        },
        "placementConstraint":{
          "leftBound":-320,
          "rightBound":240 //320 - 80(width of the squid images) 
        }
      }
    }
  ]
}