{
  "objects" : [
    {
      "identifier":"title_sky",
      "type":"static",
      "components":{
        "aspect":{
          "atlas":"sprites/env_atlas.json",
          "frame":"title_bg_01"
        },
        "placement":{
          "position":[-320.0,92,-10.0,0]
        }
      }
    },
    {
      "identifier":"title_cloud_02",
      "type":"static",
      "components":{
        "aspect":{
          "atlas":"sprites/env_atlas.json",
          "frame":"title_cloudB_01"
        },
        "placement":{
          "position":[-320.0,125.0,-9.5,0]
        }
      }
    },
    {
      "identifier":"title_cloud_01",
      "type":"static",
      "components":{
        "aspect":{
          "atlas":"sprites/env_atlas.json",
          "frame":"title_cloudA_01"
        },
        "placement":{
          "position":[125.0,375.0,-9.0,0]
        }
      }
    },
    {
      "identifier":"title_logo",
      "type":"static",
      "components":{
        "aspect":{
          "atlas":"sprites/env_atlas.json",
          "frame":"title_logo_01"
        },
        "placement":{
          "position":[-280.0,280.0,-8.0,0]
        }
      }
    },
    {
      "identifier":"title_boat",
      "type":"static",
      "components":{
        "aspect":{
          "atlas":"sprites/env_atlas.json",
          "frame":"title_boat_01"
        },
        "placement":{
          "position":[-5.0,75.0,-8.0,0]
        }
      }
    },
    {
      "identifier":"title_ocean",
      "type":"static",
      "components":{
        "aspect":{
          "atlas":"sprites/env_atlas.json",
          "frame":"title_water_01"
        },
        "placement":{
          "position":[-320.0,-550.0,-5.5,0]
        }
      }
    },
    {
      "identifier":"title_net",
      "type":"static",
      "components":{
        "aspect":{
          "atlas":"sprites/env_atlas.json",
          "frame":"net_01"
        },
        "placement":{
          "position":[-95.0,180.0,-5.25,0]
        }
      }
    },
    {
      "identifier":"title_caustic",
      "type":"static",
      "components":{
        "aspect":{
          "atlas":"sprites/env_atlas.json",
          "frame":"title_caustics"
        },
        "placement":{
          "position":[-320.0,-480.0,-5.0,0]
        }
      }
    }
  ]
}