{
  "elements" : [
    {
      "next_depth"  : -1526.0,
      "stride"      : 890.0,
      "depth_ahead" : 1536.0,
      "probability" : 0.9,
      "nodes"       : [
        [
          {
           "name"        : "reef",
            "aspect" : {
              "atlas_name"    : "sprites/env_reef.json", 
              "frame_name"    : "reef_01",
              "offset"        : [-320.0, 0.0, -5.0, 0.0],
              "location_flag" : "LOCATION_LEFT"
            }
          },
          {
            "name"        : "reef",
            "aspect" : {
              "atlas_name"    : "sprites/env_reef.json", 
              "frame_name"    : "reef_01Blur",
              "offset"        : [-320.0, 0.0, -5.0, 0.0],
              "location_flag" : "LOCATION_LEFT"
            }
          },
          {
            "name"        : "reef",
            "aspect" : {
              "atlas_name"    : "sprites/env_reef.json", 
              "frame_name"    : "reef_02Blur",
              "offset"        : [-320.0, 0.0, -5.0, 0.0],
              "location_flag" : "LOCATION_LEFT"
            }
          },
          {
            "name"        : "reef",
            "aspect" : {
              "atlas_name"    : "sprites/env_reef.json", 
              "frame_name"    : "reef_01Blur",
              "offset"        : [-320.0, 0.0, -5.0, 0.0],
              "location_flag" : "LOCATION_LEFT"
            },
            "children" : [
              {
                "name"        : "reef",
                "aspect" : {
                  "atlas_name"    : "sprites/char_eel.json", 
                  "frame_name"    : "eel_00",
                  "offset"        : [-762.0, 400.0, -4.0, 0.0],
                  "location_flag" : "LOCATION_LEFT"
                }
              }   
            ]
          }
        ]
      ]
    },

    {
      "next_depth"  : -1280.0,
      "stride"      : 890.0,
      "depth_ahead" : 1536.0,
      "probability" : 0.9,
      "nodes"       : [
        [
          {
           "name"        : "reef",
            "aspect" : {
              "atlas_name"    : "sprites/env_reef.json", 
              "frame_name"    : "reef_01",
              "offset"        : [29.0, 0.0, -5.0, 0.0],
              "location_flag" : "LOCATION_RIGHT"
            }
          },
          {
            "name"        : "reef",
            "aspect" : {
              "atlas_name"    : "sprites/env_reef.json", 
              "frame_name"    : "reef_01Blur",
              "offset"        : [103.0, 0.0, -5.0, 0.0],
              "location_flag" : "LOCATION_RIGHT"
            }
          },
          {
            "name"        : "reef",
            "aspect" : {
              "atlas_name"    : "sprites/env_reef.json", 
              "frame_name"    : "reef_02Blur",
              "offset"        : [126.0, 0.0, -5.0, 0.0],
              "location_flag" : "LOCATION_RIGHT"
            }
          },
          {
            "name"        : "reef",
            "aspect" : {
              "atlas_name"    : "sprites/env_reef.json", 
              "frame_name"    : "reef_01Blur",
              "offset"        : [103.0, 0.0, -5.0, 0.0],
              "location_flag" : "LOCATION_RIGHT"
            },
            "children" : [
              {
                "name"        : "reef",
                "aspect" : {
                  "atlas_name"    : "sprites/char_eel.json", 
                  "frame_name"    : "eel_00",
                  "offset"        : [225.0, 400.0, -4.0, 0.0],
                  "location_flag" : "LOCATION_RIGHT"
                }
              }   
            ]
          }
        ]
      ]
    },
    
    {
      "next_depth"  : -1536.0,
      "stride"      : 1024.0,
      "depth_ahead" : 2048.0,
      "probability" : 1.0,
      "nodes"       : [
        [
          {
            "name"        : "caustic",
            "aspect" : {
              "atlas_name"    : "sprites/env_atlas.json", 
              "frame_name"    : "caustics",
              "offset"        : [-320.0, 0.0, 10.0, 0.0],
              "location_flag" : "LOCATION_CENTER"
            }
          }
        ]
      ]
    },

    {
      "next_depth"  : -1024.0,
      "stride"      : 256.0,
      "depth_ahead" : 1024.0,
      "probability" : 1.0,
      "nodes"       : [
        [
          {
            "name"        : "amphibian",
            "aspect" : {
              "atlas_name"    : "sprites/char_large_fish.json", 
              "frame_name"    : "c_fish_01",
              "offset"        : [320.0, 0.0, -4.0, 0.0],
              "location_flag" : "LOCATION_RIGHT"
            },
            "motion" : {
              "velocity"      : [-25,0,0,0],
              "max_velocity"  : 50.0
            },
            "score" : {
              "value" : 20
            }
          }
        ]
      ]
    },

    { 
      "next_depth"  : -1024.0,
      "stride"      : 528.0,
      "depth_ahead" : 512.0,
      "probability" : 0.8,
      "nodes"       : [
        [
          {
            "name"        : "amphibian",
            "aspect" : {
              "atlas_name"    : "sprites/char_small_fish_atlas.json", 
              "frame_name"    : "fish_01_R",
              "offset"        : [-320.0, 30.0, -4.0, 0.0],
              "location_flag" : "LOCATION_RIGHT"
            },
            "motion" : {
              "velocity"      : [25,0,0,0],
              "max_velocity"  : 50.0
            },
            "score" : {
              "value" : 5
            }
          }
        ],
        [
          {
            "name"        : "amphibian",
            "aspect" : {
              "atlas_name"    : "sprites/char_small_fish_atlas.json", 
              "frame_name"    : "fish_01_R",
              "offset"        : [-340.0, -30.0, -4.0, 0.0],
              "location_flag" : "LOCATION_RIGHT"
            },
            "motion" : {
              "velocity"      : [25,0,0,0],
              "max_velocity"  : 50.0
            },
            "score" : {
              "value" : 5
            }
          }
        ]
      ]
    }
  ]
}