{
  "name"        : "game_over_panel",
  "type"        : "panel",
  "position"    : [138,440,0,0],
  "width"       : 364,
  "height"      : 250,
  "visible"     : false,
  "children"    :
  [
    {
      "name"        : "txt_gameover",
      "type"        : "text",
      "position"    : [142,0,0,0],
      "width"       : 80,
      "height"      : 30,
      "font-size"   : 36,
      "text"        : "GAME OVER!"
    },
    {
      "name"        : "btn_end",
      "type"        : "button",
      "position"    : [0,140,0,0],
      "width"       : 364,
      "height"      : 100,
      "atlas"       : "sprites/ui_atlas.json",
      "frame"       : "menu_btn_play",
      "onClick"     : "_GAME_TO_TITLE_"
    },
    {
      "name"        : "btn_continue",
      "type"        : "button",
      "position"    : [0,40,0,0],
      "width"       : 364,
      "height"      : 100,
      "atlas"       : "sprites/ui_atlas.json",
      "frame"       : "menu_btn_play",
      "onClick"     : "_CONTINUE_"
    }
  ]
}