{
  "type"     : "panel",
  "position" : [0,0,0,0],
  "width"    : 640,
  "height"   : 960,
  "children" : 
  [
    {
      "type"     : "image",
      "position" : [300,850,0,0],
      "width"    : 364,
      "height"   : 84,
      "atlas"    : "sprites/ui_atlas.json",
      "frame"    : "menu_btn_hiS"
    },
    {
      "type"     : "button",
      "position" : [0,50,0,0],
      "width"    : 188,
      "height"   : 88,
      "atlas"    : "sprites/ui_atlas.json",
      "frame"    : "menu_arrow",
      "onClick"  : "_SCORE_TO_MAIN_"
    }
  ]
}