{"frames": [

{
	"filename": "reef_01",
	"frame": {"x":417,"y":2,"w":291,"h":732},
	"rotated": false,
	"trimmed": true,
	"spriteSourceSize": {"x":1,"y":0,"w":291,"h":732},
	"sourceSize": {"w":292,"h":732},
	"pivot": {"x":0.5,"y":0.5}
},
{
	"filename": "reef_01Blur",
	"frame": {"x":2,"y":2,"w":217,"h":890},
	"rotated": false,
	"trimmed": true,
	"spriteSourceSize": {"x":29,"y":38,"w":217,"h":890},
	"sourceSize": {"w":246,"h":958},
	"pivot": {"x":0.5,"y":0.5}
},
{
	"filename": "reef_02Blur",
	"frame": {"x":221,"y":2,"w":194,"h":854},
	"rotated": false,
	"trimmed": true,
	"spriteSourceSize": {"x":22,"y":71,"w":194,"h":854},
	"sourceSize": {"w":216,"h":934},
	"pivot": {"x":0.5,"y":0.5}
}],
"meta": {
	"app": "http://www.codeandweb.com/texturepacker",
	"version": "1.0",
	"image": "textures/env_reef.png",
	"format": "RGBA8888",
	"size": {"w":1024,"h":1024},
	"scale": "1",
	"smartupdate": "$TexturePacker:SmartUpdate:3d729793a1c10c367e99a5db647b59a9:e5cabfd3091b8e08f75a7e5c63214f3b:e3367ae6be00e897e53f96131ea7f8a4$"
}
}
